Workbook

Sheet Menu
A1: 🏭 PAINEL DO OPERADOR CNC
A4: ROMI D600 (FANUC) · ERGOMAT TND 200
B7: ⚙️ Painel de Controle
B9: Parâmetros globais das máquinas
B11: 📋 Sequência de Operações
B13: Lista de operações G-code editável
B15: 🧮 Calculadora de Corte
B17: Rotação e avanço automáticos
B19: 📚 Biblioteca de Ciclos
B21: Referência G81 · G83 · G84 e mais
B23: 📄 Programa G-Code
B25: Código gerado automaticamente

Sheet Painel
A1: ⚙️ PAINEL DE CONTROLE — ROMI D600 · ERGOMAT TND 200
A3: Parâmetro | B3: Valor | C3: Unidade | D3: Máquina | E3: Descrição | F3: Obs.
A4: Material da Peça | B4: Aço 1045 | C4: — | D4: Ambas | E4: Tipo de material usinado
A5: Ferramenta Ativa | B5: 1 | C5: — | D5: Ambas | E5: Nº da ferramenta no magazine
A6: Offset (H/D) | B6: 1 | C6: — | D6: Ambas | E6: Corretor dimensional
A7: Tipo de Operação | B7: Desbaste | C7: — | D7: Ambas | E7: Modo de usinagem
A8: Origem G54 – X | B8: 0 | C8: mm | D8: ROMI D600 | E8: Coordenada X
A9: Origem G54 – Y | B9: 0 | C9: mm | D9: ROMI D600 | E9: Coordenada Y
A10: Origem G54 – Z | B10: 0 | C10: mm | D10: ROMI D600 | E10: Coordenada Z
A11: Origem G54 – X | B11: 0 | C11: mm | D11: Ergomat TND200 | E11: Coordenada X
A12: Origem G54 – Z | B12: 0 | C12: mm | D12: Ergomat TND200 | E12: Coordenada Z
A13: RPM Máx. Spindle | B13: 6000 | C13: RPM | D13: ROMI D600 | E13: Limite máximo do spindle
A14: RPM Máx. Spindle | B14: 3500 | C14: RPM | D14: Ergomat TND200 | E14: Limite máximo do spindle
A15: Controle CNC | B15: FANUC | C15: — | D15: ROMI D600 | E15: Sistema de controle
A16: Controle CNC | B16: Fagor / ISO | C16: — | D16: Ergomat TND200 | E16: Sistema de controle
A18: 💡 Células amarelas = entrada do operador. Selecione os valores nos menus suspensos.

Sheet Operações
A1: 📋 SEQUÊNCIA DE OPERAÇÕES — G-CODE
A2: Máquina: | D2: ROMI D600
A3: Seq. | B3: Operação | C3: Código G | D3: X (mm) | E3: Y (mm) | F3: Z (mm) | G3: Prof. Q | H3: Avanço F | I3: Rot. S | J3: Comentário | K3: Status
A4: 10 | B4: Posicionamento rápido | C4: G00 | D4: 0 | E4: 0 | F4: 50 | J4: Ponto seguro | K4: OK
A5: 20 | B5: Ligar spindle | C5: M03 | I5: 1200 | J5: Ligar refrigeração M08 | K5: OK
A6: 30 | B6: Aproximação rápida | C6: G00 | D6: 100 | E6: 50 | F6: 5 | J6: Sobre a peça | K6: OK
A7: 40 | B7: Furação simples | C7: G81 | D7: 100 | E7: 50 | F7: -20 | H7: 150 | I7: 1200 | J7: Furo Ø10 raso | K7: OK
A8: 50 | B8: Furação profunda peck | C8: G83 | D8: 100 | E8: 80 | F8: -50 | G8: 5 | H8: 120 | I8: 1000 | J8: Q=bicada 5mm | K8: OK
A9: 60 | B9: Rosqueamento M10 | C9: G84 | D9: 120 | E9: 60 | F9: -25 | H9: 175 | I9: 800 | J9: Passo 1.75mm | K9: OK
A10: 70 | B10: Contorno linear | C10: G01 | D10: 150 | E10: 100 | F10: -5 | H10: 200 | I10: 1500 | J10: Acabamento lateral | K10: OK
A11: 80 | B11: Arco horário R15 | C11: G02 | D11: 180 | E11: 120 | F11: -5 | H11: 180 | I11: 1500 | J11: Interpolação circular | K11: OK
A12: 90 | B12: Recuo seguro | C12: G00 | D12: 0 | E12: 0 | F12: 50 | J12: Afasta ferramenta | K12: OK
A13: 100 | B13: Desliga refrigeração | C13: M09 | K13: OK
A14: 110 | B14: Para spindle | C14: M05 | K14: OK
A15: 120 | B15: Fim de programa | C15: M30 | J15: Reset + Rewind | K15: OK

Sheet Calculadora
A1: 🧮 CALCULADORA DE DADOS DE CORTE
A2: Máquina: | D2: ROMI D600
A4: Descrição | B4: Valor | C4: Unidade | D4: Fórmula / Instrução | E4: Status
A5: Velocidade de Corte (Vc) | B5: 150 | C5: m/min | D5: Digite o valor recomendado
A6: Diâmetro da Ferramenta (D) | B6: 20 | C6: mm | D6: Digite o diâmetro
A7: Rotação calculada (S) | B7: =(B5*1000)/(PI()*B6) -> 2387.3241 | C7: RPM | D7: S = (Vc×1000) / (π×D)
A8: Avanço por Dente (fz) | B8: 0.1 | C8: mm/dente | D8: Digite o valor
A9: Nº de Dentes (Z) | B9: 2 | C9: — | D9: Nº de arestas cortantes
A10: Avanço calculado (F) | B10: =B8*B9*B7 -> 477.46483 | C10: mm/min | D10: F = fz × Z × S
A11: Profundidade de Corte (ap) | B11: 2 | C11: mm | D11: Profundidade axial
A12: Largura de Corte (ae) | B12: 5 | C12: mm | D12: Engajamento radial
A13: Potência estimada | B13: =ROUND(B5*B10*B11/60000,2) -> 2.39 | C13: kW | D13: Estimativa simplificada
A15: ⚠️ Amarelo = entrada | Cinza = calculado | Vermelho = RPM acima do limite da máquina

Sheet Biblioteca
A1: 📚 BIBLIOTECA DE CICLOS FIXOS — FANUC / ISO
A3: Ciclo | B3: Nome | C3: Sintaxe | D3: Exemplo | E3: Explicação Didática | F3: Máquina
A4: G81 | B4: Furação Simples | C4: G81 X_ Y_ Z_ R_ F_ | D4: G81 X50 Y30 Z-25 R5 F150 | E4: Fura e retorna rapidamente. Ideal para furos rasos sem quebra de cavaco. | F4: ROMI D600
A5: G83 | B5: Furação c/ Peck | C5: G83 X_ Y_ Z_ R_ Q_ F_ | D5: G83 X50 Y30 Z-50 R5 Q5 F120 | E5: Para furos profundos. Q = peck (profund. de cada bicada). Remove cavaco. | F5: ROMI D600
A6: G84 | B6: Rosqueamento | C6: G84 X_ Y_ Z_ R_ F_ | D6: G84 X50 Y30 Z-25 R5 F175 | E6: F = RPM × Passo. Spindle inverte automaticamente no fundo. | F6: ROMI D600
A7: G73 | B7: Furação c/ quebra | C7: G73 X_ Y_ Z_ R_ Q_ F_ | D7: G73 X50 Y30 Z-40 R5 Q3 F150 | E7: Semelhante ao G83 mas retorno parcial. Mais rápido p/ materiais friáveis. | F7: ROMI D600
A8: G76 | B8: Mandrilamento fino | C8: G76 X_ Y_ Z_ R_ Q_ P_ F_ | D8: G76 X50 Z-30 R5 Q0.1 P500 F100 | E8: Mandrilamento de precisão. P=tempo espera. Q=deslocamento na saída. | F8: ROMI D600
A9: G85 | B9: Alargamento | C9: G85 X_ Y_ Z_ R_ F_ | D9: G85 X50 Y30 Z-20 R5 F80 | E9: Entra e sai com avanço. Acabamento suave do furo. | F9: ROMI D600
A10: G01 | B10: Interp. Linear Torno | C10: G01 X_ Z_ F_ | D10: G01 X50 Z-30 F0.2 | E10: Torneamento linear controlado. Base do ciclo no Ergomat. | F10: Ergomat TND200
A11: G90 | B11: Ciclo Torneamento | C11: G90 X_ Z_ F_ | D11: G90 X48 Z-50 F0.2 | E11: Ciclo simples de desbaste externo/interno (ISO). | F11: Ergomat TND200
A12: G92 | B12: Ciclo Rosqueamento | C12: G92 X_ Z_ F_ | D12: G92 X29.5 Z-30 F1.5 | E12: F = passo da rosca. Repetir com X decrescente para cada passada. | F12: Ergomat TND200
A13: G96 | B13: Vel. Corte Constante | C13: G96 S_ M03 | D13: G96 S200 M03 | E13: RPM varia para manter Vc constante. Ótimo para acabamento. | F13: Ergomat TND200
A14: G97 | B14: RPM Fixo | C14: G97 S_ M03 | D14: G97 S1200 M03 | E14: RPM constante. Usar para roscas e furação. | F14: Ambas
... A16: G03 | B16: Arco Anti-Horário | C16: G03 X_ Z_ R_ F_ | D16: G03 X40 Z-20 R10 F120 | E16: Interpolação circular anti-horária. | F16: Ambas
A18: 🔵 Azul = ROMI D600 (FANUC) | 🟡 Amarelo = Ergomat TND 200 (ISO) | 🟣 Lilás = Ambas as máquinas

Sheet Programa
A1: 📄 PROGRAMA G-CODE GERADO AUTOMATICAMENTE
A2: G-Code | B2: Origem | C2: Comentário
A3: % | B3: Fixo | C3: Início do arquivo
A4: O0001 | B4: Fixo | C4: Número do programa
A5: (PROG: ROMI D600 - CNC) | B5: Fixo | C5: Comentário descritivo
A6: G90 G54 G17 G40 G80 | B6: Fixo | C6: Linha de segurança
A7: G21 | B7: Fixo | C7: Unidade: milímetros
A8: T1 M06 | B8: Painel B6 | C8: Chama ferramenta
A9: G43 H1 | B9: Painel B7 | C9: Corretor de comprimento
A10: M08 | B10: Fixo | C10: Liga refrigeração
A12: =IF(Operações!C4<>"",Operações!C4&IF(Operações!D4<>""," X"&Operações!D4,"")&IF(Operações!E4<>""," Y"&Operações!E4,"")&IF(Operações!F4<>""," Z"&Operações!F4,"")&IF(Operações!G4<>""," Q"&Operações!G4,"")&IF(Operações!H4<>""," F"&Operações!H4,"")&IF(Operações!I4<>""," S"&Operações!I4,""),"(vazio)") -> G00 X0 Y0 Z50 | B12: Operações L4 | C12: =Operações!J4 -> Ponto seguro
A13: =IF(Operações!C5<>"",Operações!C5&IF(Operações!D5<>""," X"&Operações!D5,"")&IF(Operações!E5<>""," Y"&Operações!E5,"")&IF(Operações!F5<>""," Z"&Operações!F5,"")&IF(Operações!G5<>""," Q"&Operações!G5,"")&IF(Operações!H5<>""," F"&Operações!H5,"")&IF(Operações!I5<>""," S"&Operações!I5,""),"(vazio)") -> M03 S1200 | B13: Operações L5 | C13: =Operações!J5 -> Ligar refrigeração M08
A14: =IF(Operações!C6<>"",Operações!C6&IF(Operações!D6<>""," X"&Operações!D6,"")&IF(Operações!E6<>""," Y"&Operações!E6,"")&IF(Operações!F6<>""," Z"&Operações!F6,"")&IF(Operações!G6<>""," Q"&Operações!G6,"")&IF(Operações!H6<>""," F"&Operações!H6,"")&IF(Operações!I6<>""," S"&Operações!I6,""),"(vazio)") -> G00 X100 Y50 Z5 | B14: Operações L6 | C14: =Operações!J6 -> Sobre a peça
A15: =IF(Operações!C7<>"",Operações!C7&IF(Operações!D7<>""," X"&Operações!D7,"")&IF(Operações!E7<>""," Y"&Operações!E7,"")&IF(Operações!F7<>""," Z"&Operações!F7,"")&IF(Operações!G7<>""," Q"&Operações!G7,"")&IF(Operações!H7<>""," F"&Operações!H7,"")&IF(Operações!I7<>""," S"&Operações!I7,""),"(vazio)") -> G81 X100 Y50 Z-20 F150 S1200 | B15: Operações L7 | C15: =Operações!J7 -> Furo Ø10 raso
A16: =IF(Operações!C8<>"",Operações!C8&IF(Operações!D8<>""," X"&Operações!D8,"")&IF(Operações!E8<>""," Y"&Operações!E8,"")&IF(Operações!F8<>""," Z"&Operações!F8,"")&IF(Operações!G8<>""," Q"&Operações!G8,"")&IF(Operações!H8<>""," F"&Operações!H8,"")&IF(Operações!I8<>""," S"&Operações!I8,""),"(vazio)") -> G83 X100 Y80 Z-50 Q5 F120 S1000 | B16: Operações L8 | C16: =Operações!J8 -> Q=bicada 5mm
A17: =IF(Operações!C9<>"",Operações!C9&IF(Operações!D9<>""," X"&Operações!D9,"")&IF(Operações!E9<>""," Y"&Operações!E9,"")&IF(Operações!F9<>""," Z"&Operações!F9,"")&IF(Operações!G9<>""," Q"&Operações!G9,"")&IF(Operações!H9<>""," F"&Operações!H9,"")&IF(Operações!I9<>""," S"&Operações!I9,""),"(vazio)") -> G84 X120 Y60 Z-25 F175 S800 | B17: Operações L9 | C17: =Operações!J9 -> Passo 1.75mm
A18: =IF(Operações!C10<>"",Operações!C10&IF(Operações!D10<>""," X"&Operações!D10,"")&IF(Operações!E10<>""," Y"&Operações!E10,"")&IF(Operações!F10<>""," Z"&Operações!F10,"")&IF(Operações!G10<>""," Q"&Operações!G10,"")&IF(Operações!H10<>""," F"&Operações!H10,"")&IF(Operações!I10<>""," S"&Operações!I10,""),"(vazio)") -> G01 X150 Y100 Z-5 F200 S1500 | B18: Operações L10 | C18: =Operações!J10 -> Acabamento lateral
A19: =IF(Operações!C11<>"",Operações!C11&IF(Operações!D11<>""," X"&Operações!D11,"")&IF(Operações!E11<>""," Y"&Operações!E11,"")&IF(Operações!F11<>""," Z"&Operações!F11,"")&IF(Operações!G11<>""," Q"&Operações!G11,"")&IF(Operações!H11<>""," F"&Operações!H11,"")&IF(Operações!I11<>""," S"&Operações!I11,""),"(vazio)") -> G02 X180 Y120 Z-5 F180 S1500 | B19: Operações L11 | C19: =Operações!J11 -> Interpolação circular
A20: =IF(Operações!C12<>"",Operações!C12&IF(Operações!D12<>""," X"&Operações!D12,"")&IF(Operações!E12<>""," Y"&Operações!E12,"")&IF(Operações!F12<>""," Z"&Operações!F12,"")&IF(Operações!G12<>""," Q"&Operações!G12,"")&IF(Operações!H12<>""," F"&Operações!H12,"")&IF(Operações!I12<>""," S"&Operações!I12,""),"(vazio)") -> G00 X0 Y0 Z50 | B20: Operações L12 | C20: =Operações!J12 -> Afasta ferramenta
A21: =IF(Operações!C13<>"",Operações!C13&IF(Operações!D13<>""," X"&Operações!D13,"")&IF(Operações!E13<>""," Y"&Operações!E13,"")&IF(Operações!F13<>""," Z"&Operações!F13,"")&IF(Operações!G13<>""," Q"&Operações!G13,"")&IF(Operações!H13<>""," F"&Operações!H13,"")&IF(Operações!I13<>""," S"&Operações!I13,""),"(vazio)") -> M09 | B21: Operações L13 | C21: =Operações!J13 -> 0
A22: =IF(Operações!C14<>"",Operações!C14&IF(Operações!D14<>""," X"&Operações!D14,"")&IF(Operações!E14<>""," Y"&Operações!E14,"")&IF(Operações!F14<>""," Z"&Operações!F14,"")&IF(Operações!G14<>""," Q"&Operações!G14,"")&IF(Operações!H14<>""," F"&Operações!H14,"")&IF(Operações!I14<>""," S"&Operações!I14,""),"(vazio)") -> M05 | B22: Operações L14 | C22: =Operações!J14 -> 0
A23: =IF(Operações!C15<>"",Operações!C15&IF(Operações!D15<>""," X"&Operações!D15,"")&IF(Operações!E15<>""," Y"&Operações!E15,"")&IF(Operações!F15<>""," Z"&Operações!F15,"")&IF(Operações!G15<>""," Q"&Operações!G15,"")&IF(Operações!H15<>""," F"&Operações!H15,"")&IF(Operações!I15<>""," S"&Operações!I15,""),"(vazio)") -> M30 | B23: Operações L15 | C23: =Operações!J15 -> Reset + Rewind
B24: Fixo
A25: M09 | B25: Fixo | C25: Desliga refrigeração
A26: M05 | B26: Fixo | C26: Para spindle
A27: M30 | B27: Fixo | C27: Fim + Rewind
A28: % | B28: Fixo | C28: Fim do arquivo
